Feature ID,Taxonomy,Confidence
00cd2f68603124759047487807589f27,D_0__Bacteria;D_1__Firmicutes;D_2__Clostridia;D_3__Clostridiales;D_4__Lachnospiraceae,0.999847989
020f48a69f9bf40e54fbac885f94695a,D_0__Bacteria;D_1__Firmicutes;D_2__Clostridia;D_3__Clostridiales;D_4__Lachnospiraceae;D_5__Lachnospiraceae NK4A136 group;D_6__uncultured bacterium,0.95991329
03a1f9f63e2fa6c7bdf27d33eba2b09d,D_0__Bacteria;D_1__Firmicutes;D_2__Clostridia;D_3__Clostridiales;D_4__Lachnospiraceae;D_5__uncultured,0.802801343
03d1db1ccc574034f8242e94d57eca3b,D_0__Bacteria;D_1__Firmicutes;D_2__Clostridia;D_3__Clostridiales;D_4__Lachnospiraceae;D_5__uncultured;D_6__uncultured bacterium,0.703164423
04551d3323a786ff624839f426ede82d,D_0__Bacteria;D_1__Firmicutes;D_2__Clostridia;D_3__Clostridiales;D_4__Clostridiales vadinBB60 group;D_5__uncultured bacterium;D_6__uncultured bacterium,0.996950818
0570b4a067b34904d37cb5ddc848b221,D_0__Bacteria;D_1__Firmicutes;D_2__Clostridia;D_3__Clostridiales;D_4__Lachnospiraceae;D_5__uncultured;D_6__uncultured bacterium,0.996571522
06538b77450f85903962437f449fa60a,D_0__Bacteria;D_1__Actinobacteria;D_2__Coriobacteriia;D_3__Coriobacteriales;D_4__Eggerthellaceae;D_5__Enterorhabdus,0.996200316
08ce27cee52afc14d82faaae7852a600,D_0__Bacteria;D_1__Firmicutes;D_2__Clostridia;D_3__Clostridiales;D_4__Lachnospiraceae;D_5__uncultured;D_6__uncultured bacterium,0.886639027
08eba18fc9aa967e5e29f20ee5041a60,D_0__Bacteria;D_1__Firmicutes;D_2__Clostridia;D_3__Clostridiales;D_4__Lachnospiraceae,0.999978315
08eedcaf8f982611c4982038139f6271,D_0__Bacteria;D_1__Firmicutes;D_2__Clostridia;D_3__Clostridiales;D_4__Lachnospiraceae;D_5__Lachnospiraceae NK4A136 group;D_6__uncultured bacterium,0.968105564
08faf2041b38f0c8f2faa68e7d5edd31,D_0__Bacteria;D_1__Firmicutes;D_2__Clostridia;D_3__Clostridiales;D_4__Lachnospiraceae,0.999944039
09fe878f37fdb48cdc41797c656c05b2,D_0__Bacteria;D_1__Firmicutes;D_2__Clostridia;D_3__Clostridiales;D_4__Lachnospiraceae,0.999588519
0ad13b6d1cd98ad7e8f6ee9909d33114,D_0__Bacteria;D_1__Bacteroidetes;D_2__Bacteroidia;D_3__Bacteroidales;D_4__Muribaculaceae;D_5__uncultured bacterium;D_6__uncultured bacterium,0.929003802
0df6c802966e8670279671824da4f10a,D_0__Bacteria;D_1__Firmicutes;D_2__Bacilli;D_3__Lactobacillales;D_4__Lactobacillaceae;D_5__Lactobacillus,0.999999996
0f276b28ea3ba352f6fd667c1e298c38,D_0__Bacteria;D_1__Firmicutes;D_2__Clostridia;D_3__Clostridiales;D_4__Ruminococcaceae;D_5__Ruminococcaceae UCG-014,0.999999999
0f2a5acc53e55f2c9f0c7409421dc5a0,D_0__Bacteria;D_1__Firmicutes;D_2__Clostridia;D_3__Clostridiales;D_4__Ruminococcaceae;D_5__Anaerotruncus;D_6__uncultured bacterium,0.920818414
10055b4de0b725f946f9dc5f3e8409df,D_0__Bacteria;D_1__Firmicutes;D_2__Clostridia;D_3__Clostridiales;D_4__Lachnospiraceae,0.999999759
12470c486f558c083c46b45408cae9c6,D_0__Bacteria;D_1__Firmicutes;D_2__Clostridia;D_3__Clostridiales;D_4__Ruminococcaceae;D_5__Ruminococcaceae UCG-009;D_6__uncultured bacterium,0.963711442
1328ddadac3f2d08eb25e79a18f7e574,D_0__Bacteria;D_1__Firmicutes;D_2__Clostridia;D_3__Clostridiales;D_4__Lachnospiraceae;D_5__Lachnospiraceae NK4A136 group;D_6__uncultured bacterium,0.889082412
13506518b825bfbd65794347af5958c6,D_0__Bacteria;D_1__Firmicutes;D_2__Clostridia;D_3__Clostridiales;D_4__Lachnospiraceae;D_5__Roseburia;D_6__uncultured bacterium,0.971905574
14e78619269b8c45554ab4a8ddf2f22c,D_0__Bacteria;D_1__Firmicutes;D_2__Clostridia;D_3__Clostridiales;D_4__Ruminococcaceae,0.99999997
1841ceeb252a3e471065c84c01175567,D_0__Bacteria;D_1__Firmicutes;D_2__Clostridia;D_3__Clostridiales;D_4__Lachnospiraceae;D_5__uncultured;D_6__uncultured bacterium,0.979690111
1c281deaf71c6d702d1ddadfa953eac6,D_0__Bacteria;D_1__Firmicutes;D_2__Clostridia;D_3__Clostridiales;D_4__Lachnospiraceae;D_5__uncultured;D_6__uncultured bacterium,0.707828425
1fdb09b154f347c35de3aad68774cb79,D_0__Bacteria;D_1__Firmicutes;D_2__Clostridia;D_3__Clostridiales;D_4__Lachnospiraceae;D_5__Lachnoclostridium,0.70835797
2197e3c697e9c1427ae1c3277d3c71f9,D_0__Bacteria;D_1__Firmicutes;D_2__Clostridia;D_3__Clostridiales;D_4__Lachnospiraceae;D_5__ASF356;D_6__uncultured bacterium,0.923388156
223141ee97781bbede60bb494d599448,D_0__Bacteria;D_1__Firmicutes;D_2__Clostridia;D_3__Clostridiales;D_4__Lachnospiraceae;D_5__[Eubacterium] xylanophilum group;D_6__uncultured bacterium,0.986357808
226ab97195d19858d059fffaef17f5d7,D_0__Bacteria;D_1__Firmicutes;D_2__Clostridia;D_3__Clostridiales;D_4__Lachnospiraceae;D_5__uncultured;D_6__Clostridium sp. Clone-49,0.962826436
22907d450b79c927e4ffe34a2d09d2aa,D_0__Bacteria;D_1__Firmicutes;D_2__Clostridia;D_3__Clostridiales;D_4__Lachnospiraceae;D_5__Lachnoclostridium;D_6__Dorea sp. 5-2,0.9628958
25f537c4856de1617e682de90caba215,D_0__Bacteria;D_1__Firmicutes;D_2__Clostridia;D_3__Clostridiales;D_4__Lachnospiraceae;D_5__Lachnospiraceae NK4A136 group,0.850812237
2678ed3808ef43759fe3dcf46f1b1a05,D_0__Bacteria;D_1__Firmicutes;D_2__Clostridia;D_3__Clostridiales;D_4__Lachnospiraceae,0.999765895
26d95f66b97240febac5d7976fe5ebaf,D_0__Bacteria;D_1__Firmicutes;D_2__Clostridia;D_3__Clostridiales;D_4__Lachnospiraceae,0.999994613
270a745647e1f4f2daefddcae78b43c7,D_0__Bacteria;D_1__Firmicutes;D_2__Clostridia;D_3__Clostridiales;D_4__Lachnospiraceae;D_5__uncultured,0.814435517
294439019add4f19e8d5d95d40921207,D_0__Bacteria;D_1__Firmicutes;D_2__Clostridia;D_3__Clostridiales;D_4__Lachnospiraceae;D_5__Lachnoclostridium,0.911156051
2a89717b521dc276ae1bd08090909dc4,D_0__Bacteria;D_1__Firmicutes;D_2__Clostridia;D_3__Clostridiales;D_4__Ruminococcaceae;D_5__Ruminiclostridium 5;D_6__Ruminiclostridium sp. KB18,0.855871496
2cf0267a31dc6f1b8ee65c913b8f6e4d,D_0__Bacteria;D_1__Firmicutes;D_2__Clostridia;D_3__Clostridiales;D_4__Lachnospiraceae;D_5__uncultured;D_6__uncultured bacterium,0.890808097
2d01d21dc12ee96d173b6ab4e83f9a3b,D_0__Bacteria;D_1__Firmicutes;D_2__Clostridia;D_3__Clostridiales;D_4__Lachnospiraceae,0.999981922
31217980cfdf305668ba9c8482a34e81,D_0__Bacteria;D_1__Firmicutes;D_2__Clostridia;D_3__Clostridiales;D_4__Lachnospiraceae,0.999998052
32048bc37f42f1fac1d65633b809201e,D_0__Bacteria;D_1__Firmicutes;D_2__Erysipelotrichia;D_3__Erysipelotrichales;D_4__Erysipelotrichaceae;D_5__Erysipelatoclostridium,0.999998796
34e330f47d6b0b3a7742855c99c1730b,D_0__Bacteria;D_1__Firmicutes;D_2__Clostridia;D_3__Clostridiales;D_4__Lachnospiraceae;D_5__uncultured,0.704834593
3562d3a0374b9f2ed190c1a7aa7dedb7,D_0__Bacteria;D_1__Firmicutes;D_2__Clostridia;D_3__Clostridiales;D_4__Lachnospiraceae;D_5__Lachnospiraceae UCG-006,0.999980803
35f3ce6a0ee2829e6ccb193be3c4338b,D_0__Bacteria;D_1__Tenericutes;D_2__Mollicutes;D_3__Anaeroplasmatales;D_4__Anaeroplasmataceae;D_5__Anaeroplasma;D_6__uncultured bacterium,0.999999002
37a0a427f45ea3b8299b4a41c10d02e6,D_0__Bacteria;D_1__Firmicutes;D_2__Clostridia;D_3__Clostridiales;D_4__Lachnospiraceae;D_5__Lachnospiraceae NK4A136 group;D_6__uncultured bacterium,0.855455631
37a7e187d35366eb6167cbe90e558af1,D_0__Bacteria;D_1__Firmicutes;D_2__Clostridia;D_3__Clostridiales;D_4__Lachnospiraceae,0.999981495
3abae39e94cf51920aec2b9fb42b53a9,D_0__Bacteria;D_1__Firmicutes;D_2__Clostridia;D_3__Clostridiales;D_4__Family XIII;D_5__Family XIII UCG-001;D_6__uncultured bacterium,0.999999924
3d2cd874a4eea35af603ca0c0c25c89f,D_0__Bacteria;D_1__Firmicutes;D_2__Clostridia;D_3__Clostridiales;D_4__Lachnospiraceae;D_5__[Eubacterium] xylanophilum group;D_6__uncultured bacterium,0.969803442
3dfaa3fabdf04711351c97af550d2921,D_0__Bacteria;D_1__Firmicutes;D_2__Clostridia;D_3__Clostridiales;D_4__Lachnospiraceae;D_5__Lachnospiraceae NK4A136 group;D_6__uncultured bacterium,0.859903671
3e064c3f883fdd051884a58537182eef,D_0__Bacteria;D_1__Firmicutes;D_2__Clostridia;D_3__Clostridiales;D_4__Lachnospiraceae;D_5__Roseburia;D_6__uncultured bacterium,0.850361421
3ee3085cd6f25c2449332df3675b9eee,D_0__Bacteria;D_1__Firmicutes;D_2__Clostridia;D_3__Clostridiales;D_4__Lachnospiraceae,0.999978809
3f574a1c6ddd83e13a9f0c0d99628511,D_0__Bacteria;D_1__Firmicutes;D_2__Clostridia;D_3__Clostridiales;D_4__Ruminococcaceae;D_5__Ruminiclostridium 5;D_6__uncultured bacterium,0.916264447
401e9cda8dd173db76e03cfe30f2274e,D_0__Bacteria;D_1__Firmicutes;D_2__Clostridia;D_3__Clostridiales;D_4__Ruminococcaceae;D_5__Oscillibacter;D_6__uncultured bacterium,0.981423541
431b7a050a85f69cfcb3d5bb614a02e9,D_0__Bacteria;D_1__Tenericutes;D_2__Mollicutes;D_3__Mollicutes RF39;D_4__unidentified;D_5__unidentified;D_6__unidentified,0.859041339
4422afa5e085d3e4373b56dd5c28160d,D_0__Bacteria;D_1__Firmicutes;D_2__Clostridia;D_3__Clostridiales;D_4__Lachnospiraceae;D_5__uncultured;D_6__Clostridium sp. Culture-41,0.991938597
446b888f8119b56e60b68ad01e3dd288,D_0__Bacteria;D_1__Firmicutes;D_2__Clostridia;D_3__Clostridiales;D_4__Ruminococcaceae;D_5__[Eubacterium] coprostanoligenes group;D_6__gut metagenome,0.94365429
4598e7db6dff8f019ff4f6c50dc05df4,D_0__Bacteria;D_1__Firmicutes;D_2__Clostridia;D_3__Clostridiales;D_4__Lachnospiraceae,0.999999661
45b76e49b6500d8d245c2f27f6fbb143,D_0__Bacteria;D_1__Firmicutes;D_2__Erysipelotrichia;D_3__Erysipelotrichales;D_4__Erysipelotrichaceae;D_5__Erysipelatoclostridium,0.99999915
48120f2d28136884787660eb4953652a,D_0__Bacteria;D_1__Firmicutes;D_2__Clostridia;D_3__Clostridiales;D_4__Ruminococcaceae,0.999999967
48e2a4ea98aea8fa0f0cf874bdcacb52,D_0__Bacteria;D_1__Firmicutes;D_2__Clostridia;D_3__Clostridiales;D_4__Lachnospiraceae;D_5__Lachnoclostridium,0.862973619
4a18a72af06424cd6600b6f548ea8f05,D_0__Bacteria;D_1__Firmicutes;D_2__Clostridia;D_3__Clostridiales;D_4__Ruminococcaceae;D_5__Ruminiclostridium 6;D_6__uncultured bacterium,0.910062906
4cbfff144d4e7a4e0f4619ed505be070,D_0__Bacteria;D_1__Proteobacteria;D_2__Gammaproteobacteria;D_3__Enterobacteriales;D_4__Enterobacteriaceae,0.999986839
4e0a65b0a2fab7bf0f307d360b679d87,D_0__Bacteria;D_1__Firmicutes;D_2__Clostridia;D_3__Clostridiales;D_4__Lachnospiraceae;D_5__uncultured;D_6__uncultured bacterium,0.708241598
501a3e687c65822914e1a727e5f43331,D_0__Bacteria;D_1__Firmicutes;D_2__Clostridia;D_3__Clostridiales;D_4__Ruminococcaceae,0.999993889
50c77a7d7927650d7b1a093e9d2c62de,D_0__Bacteria;D_1__Firmicutes;D_2__Clostridia;D_3__Clostridiales;D_4__Lachnospiraceae;D_5__uncultured;D_6__uncultured bacterium,0.957934526
51111e66d97d8fd3f0bdf584d69c7835,D_0__Bacteria;D_1__Firmicutes;D_2__Clostridia;D_3__Clostridiales;D_4__Lachnospiraceae;D_5__Lachnoclostridium;D_6__[Clostridium] scindens,0.945579048
538add871396bc31fee52b4c6e73542a,D_0__Bacteria;D_1__Firmicutes;D_2__Clostridia;D_3__Clostridiales;D_4__Lachnospiraceae;D_5__uncultured;D_6__uncultured bacterium,0.76408179
547c9838a1612f7043e6f4258b8b5304,D_0__Bacteria;D_1__Verrucomicrobia;D_2__Verrucomicrobiae;D_3__Verrucomicrobiales;D_4__Akkermansiaceae;D_5__Akkermansia;D_6__uncultured bacterium,0.793350278
54dcb911e3ab04e9d5b30c3912100b41,D_0__Bacteria;D_1__Firmicutes;D_2__Clostridia;D_3__Clostridiales;D_4__Lachnospiraceae;D_5__Lachnospiraceae NK4A136 group;D_6__uncultured bacterium,0.91837058
55e62a37d75f2f867ef4733f85b82a45,D_0__Bacteria;D_1__Firmicutes;D_2__Clostridia;D_3__Clostridiales;D_4__Ruminococcaceae;D_5__Anaerotruncus;D_6__uncultured bacterium,0.971304044
569653b1659271a290facfcedd0de061,D_0__Bacteria;D_1__Firmicutes;D_2__Bacilli;D_3__Lactobacillales;D_4__Enterococcaceae;D_5__Enterococcus,0.991493149
57e11c3559fa2ef79a2702684229e4ba,D_0__Bacteria;D_1__Firmicutes;D_2__Clostridia;D_3__Clostridiales;D_4__Lachnospiraceae;D_5__Acetatifactor;D_6__uncultured bacterium,0.875480624
5810a546133ce2a9e01ba21225a87263,D_0__Bacteria;D_1__Firmicutes;D_2__Clostridia;D_3__Clostridiales;D_4__Clostridiales vadinBB60 group;D_5__uncultured bacterium;D_6__uncultured bacterium,0.999973172
5b9305abe9131ab077f971551c108db7,D_0__Bacteria;D_1__Firmicutes;D_2__Clostridia;D_3__Clostridiales;D_4__Clostridiales vadinBB60 group;D_5__uncultured Clostridia bacterium;D_6__uncultured Clostridia bacterium,0.995115555
5e18094f37d33836726fabc09f8e46fc,D_0__Bacteria;D_1__Firmicutes;D_2__Clostridia;D_3__Clostridiales;D_4__Clostridiales vadinBB60 group;D_5__uncultured bacterium;D_6__uncultured bacterium,0.999607761
5eaeab6fa2a8efe96eac7a0712c65080,D_0__Bacteria;D_1__Firmicutes;D_2__Clostridia;D_3__Clostridiales;D_4__Lachnospiraceae;D_5__Blautia,0.999998746
5f1f6453ad88dc836876671d27f97f58,D_0__Bacteria;D_1__Firmicutes;D_2__Clostridia;D_3__Clostridiales;D_4__Lachnospiraceae;D_5__uncultured;D_6__uncultured bacterium,0.999306806
60a2e0a4d6760de56ad66a42a4093dc5,D_0__Bacteria;D_1__Firmicutes;D_2__Clostridia;D_3__Clostridiales;D_4__Lachnospiraceae;D_5__Lachnoclostridium,0.870308863
6116fd7dc95407952dfa6a8cad835556,D_0__Bacteria;D_1__Firmicutes;D_2__Erysipelotrichia;D_3__Erysipelotrichales;D_4__Erysipelotrichaceae;D_5__uncultured bacterium;D_6__uncultured bacterium,0.705661476
61db0bd527e07336202fd0ff4578c042,D_0__Bacteria;D_1__Firmicutes;D_2__Clostridia;D_3__Clostridiales;D_4__Lachnospiraceae;D_5__uncultured,0.913363605
62dc76a09326c359be5946507e82e9fa,D_0__Bacteria;D_1__Firmicutes;D_2__Clostridia;D_3__Clostridiales;D_4__Family XIII;D_5__[Eubacterium] nodatum group,0.997614126
630d3298d6df053fa8d57ead7cd4df95,D_0__Bacteria;D_1__Firmicutes;D_2__Clostridia;D_3__Clostridiales;D_4__Clostridiales vadinBB60 group;D_5__uncultured bacterium;D_6__uncultured bacterium,0.977467816
6337b308d49ea78bc68f9100ca6c62b4,D_0__Bacteria;D_1__Firmicutes;D_2__Clostridia;D_3__Clostridiales;D_4__Clostridiales vadinBB60 group;D_5__uncultured bacterium;D_6__uncultured bacterium,0.961342314
6536a7bc84c95500ef05185628c9f407,D_0__Bacteria;D_1__Firmicutes;D_2__Clostridia;D_3__Clostridiales;D_4__Lachnospiraceae,0.99995898
6a8118b17d1d40cf877db24449ceb616,D_0__Bacteria;D_1__Firmicutes;D_2__Clostridia;D_3__Clostridiales;D_4__Ruminococcaceae;D_5__Oscillibacter;D_6__uncultured bacterium,0.752678526
6aaac37f56d07ffcea4fe9ef1cd00d2f,D_0__Bacteria;D_1__Firmicutes;D_2__Clostridia;D_3__Clostridiales;D_4__Lachnospiraceae;D_5__Blautia,0.999996966
6c921e3ae0af506f54295d074ca071bc,D_0__Bacteria;D_1__Firmicutes;D_2__Clostridia;D_3__Clostridiales;D_4__Lachnospiraceae;D_5__A2,0.999999491
6d4ab2107d92228c6751838e7dbbe697,D_0__Bacteria;D_1__Firmicutes;D_2__Clostridia;D_3__Clostridiales;D_4__Lachnospiraceae;D_5__GCA-900066575;D_6__uncultured bacterium,0.988775871
6e5be229dd49e819c917d2ae8b72610b,D_0__Bacteria;D_1__Firmicutes;D_2__Clostridia;D_3__Clostridiales;D_4__Ruminococcaceae;D_5__Ruminiclostridium 5;D_6__uncultured bacterium,0.999696636
766219c96c8e1cd5e3934f165d0fb3e7,D_0__Bacteria;D_1__Firmicutes;D_2__Clostridia;D_3__Clostridiales;D_4__Ruminococcaceae;D_5__Ruminiclostridium;D_6__uncultured bacterium,0.996650533
7b28c20e72c6c95b3e604f0849245770,D_0__Bacteria;D_1__Verrucomicrobia;D_2__Verrucomicrobiae;D_3__Verrucomicrobiales;D_4__Akkermansiaceae;D_5__Akkermansia;D_6__uncultured bacterium,0.917353425
7c3d7711fd15460714ece118b35c0576,D_0__Bacteria;D_1__Firmicutes;D_2__Clostridia;D_3__Clostridiales;D_4__Ruminococcaceae;D_5__Anaerotruncus;D_6__uncultured organism,0.912844408
811f358e4e89eecbd75298ffce878cba,D_0__Bacteria;D_1__Firmicutes;D_2__Clostridia;D_3__Clostridiales;D_4__Lachnospiraceae;D_5__uncultured;D_6__Clostridium sp. Clone-49,0.771715899
8212472385df0dc1b6527a764d613b7d,D_0__Bacteria;D_1__Firmicutes;D_2__Clostridia;D_3__Clostridiales;D_4__Lachnospiraceae;D_5__Acetatifactor;D_6__uncultured bacterium,0.999899296
84977ba94188c5d008f9861e3e14d0a5,D_0__Bacteria;D_1__Firmicutes;D_2__Clostridia;D_3__Clostridiales;D_4__Lachnospiraceae,0.999999342
851bd80d021dcf4e9f3f11e95310927c,D_0__Bacteria;D_1__Firmicutes;D_2__Clostridia;D_3__Clostridiales;D_4__Ruminococcaceae;D_5__Ruminiclostridium;D_6__uncultured bacterium,0.987167216
85781f76fdd51f1cea0eab36c8b76a12,D_0__Bacteria;D_1__Firmicutes;D_2__Erysipelotrichia;D_3__Erysipelotrichales;D_4__Erysipelotrichaceae,0.999954936
85db0d60e8985f5dd02b1b3c10e2c371,D_0__Bacteria;D_1__Firmicutes;D_2__Clostridia;D_3__Clostridiales;D_4__Lachnospiraceae;D_5__ASF356;D_6__uncultured bacterium,0.99084283
86555947ddfc576c1bb9c42deb3998df,D_0__Bacteria;D_1__Firmicutes;D_2__Clostridia;D_3__Clostridiales;D_4__Ruminococcaceae;D_5__Ruminiclostridium;D_6__uncultured bacterium,0.954529387
885af48524af5ccac2ffcff5abf6c1f9,D_0__Bacteria;D_1__Firmicutes;D_2__Clostridia;D_3__Clostridiales;D_4__Ruminococcaceae;D_5__Ruminiclostridium;D_6__uncultured bacterium,0.996601658
898eb92ef2d1ef893f7d0c383527b44d,D_0__Bacteria;D_1__Firmicutes;D_2__Clostridia;D_3__Clostridiales;D_4__Lachnospiraceae;D_5__Lachnospiraceae UCG-006;D_6__uncultured bacterium,0.998916141
8c65d91e013525d1c8606fab40e0a88b,D_0__Bacteria;D_1__Firmicutes;D_2__Clostridia;D_3__Clostridiales;D_4__Lachnospiraceae;D_5__Roseburia;D_6__uncultured bacterium,0.97026297
8da18b476b64f6f053647455b6890f80,D_0__Bacteria;D_1__Firmicutes;D_2__Clostridia;D_3__Clostridiales;D_4__Ruminococcaceae;D_5__Oscillibacter;D_6__unidentified,0.779389828
8e6f1849d93723676dff6cb1962941a8,D_0__Bacteria;D_1__Firmicutes;D_2__Clostridia;D_3__Clostridiales;D_4__Lachnospiraceae,0.999938303
8e74f6f63a5f9a304aeb8284be71fd23,D_0__Bacteria;D_1__Firmicutes;D_2__Clostridia;D_3__Clostridiales;D_4__Lachnospiraceae;D_5__GCA-900066575;D_6__uncultured bacterium,0.996810701
901c9973bde010c1a5c49023e63cc252,D_0__Bacteria;D_1__Firmicutes;D_2__Clostridia;D_3__Clostridiales;D_4__Lachnospiraceae;D_5__Lachnospiraceae UCG-004,0.774507295
912487364b4fda5993a03f47d60111e9,D_0__Bacteria;D_1__Firmicutes;D_2__Clostridia;D_3__Clostridiales;D_4__Ruminococcaceae;D_5__Oscillibacter;D_6__uncultured bacterium,0.767809284
91a093473cad95da81d9ebb47d5ef0c5,D_0__Bacteria;D_1__Firmicutes;D_2__Clostridia;D_3__Clostridiales;D_4__Lachnospiraceae;D_5__uncultured;D_6__Clostridium sp. Clone-47,0.97333332
924668f542df9de35c2226e4a6cf09bd,D_0__Bacteria;D_1__Firmicutes;D_2__Clostridia;D_3__Clostridiales;D_4__Lachnospiraceae;D_5__Lachnospiraceae NK4A136 group,0.987679153
958d78a02bef69a795806f97adb117ea,D_0__Bacteria;D_1__Firmicutes;D_2__Clostridia;D_3__Clostridiales;D_4__Ruminococcaceae;D_5__Ruminiclostridium 9,0.906501288
95fdd816723ca482a5caba10bea171c8,D_0__Bacteria;D_1__Firmicutes;D_2__Bacilli;D_3__Lactobacillales;D_4__Lactobacillaceae;D_5__Lactobacillus;D_6__Lactobacillus murinus,0.931950352
96aa8812056cf57226fffc3601021703,D_0__Bacteria;D_1__Firmicutes;D_2__Bacilli;D_3__Lactobacillales;D_4__Enterococcaceae;D_5__Enterococcus,0.984708399
97d033725a3fcb0e6b0f9554365d4e0f,D_0__Bacteria;D_1__Firmicutes;D_2__Erysipelotrichia;D_3__Erysipelotrichales;D_4__Erysipelotrichaceae;D_5__uncultured bacterium;D_6__uncultured bacterium,0.999820733
9908fffab7ed4f3bec44cda2f5084d49,D_0__Bacteria;D_1__Firmicutes;D_2__Bacilli;D_3__Lactobacillales;D_4__Enterococcaceae;D_5__Enterococcus,0.997927526
9a13cbb8e1b12468bf22d6a05aafb0c0,D_0__Bacteria;D_1__Bacteroidetes;D_2__Bacteroidia;D_3__Bacteroidales;D_4__Rikenellaceae;D_5__Alistipes;D_6__uncultured bacterium,0.998915841
9b4036adb487adfe4ca484346b5b9a7b,D_0__Bacteria;D_1__Firmicutes;D_2__Clostridia;D_3__Clostridiales;D_4__Lachnospiraceae;D_5__Lachnospiraceae NK4A136 group,0.996264435
9e31424bebb25a100572229efc973274,D_0__Bacteria;D_1__Firmicutes;D_2__Clostridia;D_3__Clostridiales;D_4__Lachnospiraceae;D_5__Acetatifactor,0.997798374
9e3b0ce9bb690b78f97f20c102089c55,D_0__Bacteria;D_1__Firmicutes;D_2__Clostridia;D_3__Clostridiales;D_4__Lachnospiraceae;D_5__uncultured,0.813669513
9f3ae9f6096976f00cd7c13a4717ff1c,D_0__Bacteria;D_1__Firmicutes;D_2__Clostridia;D_3__Clostridiales;D_4__Lachnospiraceae,0.999996131
a5a7486c3e60ff3d6cc20e9e6359e7ea,D_0__Bacteria;D_1__Firmicutes;D_2__Clostridia;D_3__Clostridiales;D_4__Lachnospiraceae,0.999996074
a728a1dce17d5afb4677e6cc919c2391,D_0__Bacteria;D_1__Firmicutes;D_2__Clostridia;D_3__Clostridiales;D_4__Lachnospiraceae;D_5__Lachnospiraceae UCG-006;D_6__uncultured bacterium,0.783438503
ab2842489206ced58fc69409494bf497,D_0__Bacteria;D_1__Firmicutes;D_2__Clostridia;D_3__Clostridiales;D_4__Lachnospiraceae;D_5__uncultured;D_6__uncultured bacterium,0.762425528
ab620840ec71573b9d4fd3816bc52d02,D_0__Bacteria;D_1__Firmicutes;D_2__Clostridia;D_3__Clostridiales;D_4__Ruminococcaceae,0.999999387
ac130fedaec2a466fa0514777712d1d7,D_0__Bacteria;D_1__Firmicutes;D_2__Clostridia;D_3__Clostridiales;D_4__Lachnospiraceae;D_5__Lachnospiraceae UCG-001;D_6__uncultured bacterium,0.997784795
ad967928a73ab98e764eee29f69d81ee,D_0__Bacteria;D_1__Firmicutes;D_2__Clostridia;D_3__Clostridiales;D_4__Lachnospiraceae;D_5__uncultured;D_6__uncultured bacterium,0.901583268
af140e3881d1c74ce8b17a5c8979dfa5,D_0__Bacteria;D_1__Firmicutes;D_2__Clostridia;D_3__Clostridiales;D_4__Lachnospiraceae;D_5__uncultured;D_6__uncultured bacterium,0.961157309
b0393e75df8338f8224463cb1b34efbd,D_0__Bacteria;D_1__Firmicutes;D_2__Erysipelotrichia;D_3__Erysipelotrichales;D_4__Erysipelotrichaceae;D_5__uncultured;D_6__uncultured bacterium,0.997767849
b0f809cbabf3ac99182581ec095868b2,D_0__Bacteria;D_1__Firmicutes;D_2__Clostridia;D_3__Clostridiales;D_4__Lachnospiraceae;D_5__Roseburia;D_6__uncultured bacterium,0.90632698
b1652dc664d4e8ce2d123d26687d1204,D_0__Bacteria;D_1__Firmicutes;D_2__Clostridia;D_3__Clostridiales;D_4__Lachnospiraceae;D_5__[Eubacterium] xylanophilum group;D_6__uncultured bacterium,0.999879258
b2097d12843899152a99e4faeb92e3e6,D_0__Bacteria;D_1__Firmicutes;D_2__Clostridia;D_3__Clostridiales;D_4__Ruminococcaceae,0.999999232
b301115074f6e3de36efa48b692c7f8b,D_0__Bacteria;D_1__Firmicutes;D_2__Clostridia;D_3__Clostridiales;D_4__Lachnospiraceae;D_5__uncultured;D_6__Clostridium sp. Culture-41,0.837136134
b310236a69032ef47e5c274f5256115a,D_0__Bacteria;D_1__Firmicutes;D_2__Clostridia;D_3__Clostridiales;D_4__Lachnospiraceae;D_5__Lachnospiraceae NK4A136 group,0.841330795
b454c56ae7923cac07b03196d8b77304,D_0__Bacteria;D_1__Firmicutes;D_2__Clostridia;D_3__Clostridiales;D_4__Ruminococcaceae;D_5__Ruminiclostridium;D_6__uncultured bacterium,0.990826596
b65410081c87ed629211d7fb136ec45f,D_0__Bacteria;D_1__Firmicutes;D_2__Clostridia;D_3__Clostridiales;D_4__Lachnospiraceae;D_5__uncultured;D_6__uncultured bacterium,0.906006573
b73dacf77bae01c1ac830493658b9900,D_0__Bacteria;D_1__Proteobacteria;D_2__Gammaproteobacteria;D_3__Enterobacteriales;D_4__Enterobacteriaceae,0.999977165
b8455681fc92d051fdd023aa62417fb3,D_0__Bacteria;D_1__Firmicutes;D_2__Clostridia;D_3__Clostridiales;D_4__Lachnospiraceae;D_5__Lachnospiraceae UCG-001;D_6__uncultured bacterium,0.999910972
b99156ca841e99c7dc23bb92689252ea,D_0__Bacteria;D_1__Firmicutes;D_2__Clostridia;D_3__Clostridiales;D_4__Ruminococcaceae;D_5__Harryflintia;D_6__uncultured bacterium,0.999653457
b9ed1a2c86edb972db7742981e6901da,D_0__Bacteria;D_1__Firmicutes;D_2__Clostridia;D_3__Clostridiales;D_4__Ruminococcaceae,0.99999957
bf34422106e5974ddf75216e2c05273c,D_0__Bacteria;D_1__Firmicutes;D_2__Clostridia;D_3__Clostridiales;D_4__Ruminococcaceae;D_5__Ruminiclostridium;D_6__uncultured bacterium,0.997188049
bfa3561ca0d31bca54be08e2d9f7937f,D_0__Bacteria;D_1__Firmicutes;D_2__Clostridia;D_3__Clostridiales;D_4__Lachnospiraceae;D_5__Lachnoclostridium,0.893600538
c1fb523690f4db6515ed0ab146d1ab8c,D_0__Bacteria;D_1__Firmicutes;D_2__Clostridia;D_3__Clostridiales;D_4__Lachnospiraceae,0.999826143
c2cd6f99655915682fbe061583f8b578,D_0__Bacteria;D_1__Firmicutes;D_2__Clostridia;D_3__Clostridiales;D_4__Ruminococcaceae;D_5__Oscillibacter;D_6__uncultured bacterium,0.961228814
c3ff4c29778c6c86865687a4061a3382,D_0__Bacteria;D_1__Firmicutes;D_2__Clostridia;D_3__Clostridiales;D_4__Lachnospiraceae,0.99985522
c67805e12dc927c5b3ba6b192381ecf7,D_0__Bacteria;D_1__Firmicutes;D_2__Clostridia;D_3__Clostridiales;D_4__Lachnospiraceae;D_5__A2;D_6__uncultured bacterium,0.851225249
c6c4b5ce7a8a576fe5abae3399a653c6,D_0__Bacteria;D_1__Firmicutes;D_2__Clostridia;D_3__Clostridiales;D_4__Ruminococcaceae;D_5__Ruminococcaceae UCG-014;D_6__uncultured bacterium,0.901345974
c7205100c08de2585db74f670a36edf9,D_0__Bacteria;D_1__Firmicutes;D_2__Clostridia;D_3__Clostridiales;D_4__Lachnospiraceae;D_5__Blautia;D_6__Lachnospiraceae bacterium DW59,0.99279165
c75ae6008025d80134bd14e9712f9d5c,D_0__Bacteria;D_1__Firmicutes;D_2__Clostridia;D_3__Clostridiales;D_4__Lachnospiraceae;D_5__GCA-900066575;D_6__uncultured bacterium,0.997132814
c8e34bb10306cd8cc72e42eb1313b7c8,D_0__Bacteria;D_1__Firmicutes;D_2__Clostridia;D_3__Clostridiales;D_4__Ruminococcaceae;D_5__Ruminococcaceae UCG-014;D_6__uncultured bacterium,0.895224808
cbdc0f4fcc7b1e56aacc302c2b9b870c,D_0__Bacteria;D_1__Firmicutes;D_2__Clostridia;D_3__Clostridiales;D_4__Lachnospiraceae,0.999779998
cc246b85b65b580177f5f8655c0b7f71,D_0__Bacteria;D_1__Firmicutes;D_2__Clostridia;D_3__Clostridiales;D_4__Ruminococcaceae;D_5__Ruminiclostridium 5,0.773403915
cc82a5a0b284dea47583c8afa5a99755,D_0__Bacteria;D_1__Firmicutes;D_2__Clostridia;D_3__Clostridiales;D_4__Ruminococcaceae;D_5__Intestinimonas;D_6__uncultured bacterium,0.92360774
cd8d2ddb88bbe44dfa61a34dfd244b0b,D_0__Bacteria;D_1__Firmicutes;D_2__Clostridia;D_3__Clostridiales;D_4__Ruminococcaceae;D_5__GCA-900066225;D_6__uncultured bacterium,0.762068091
ce40f273a2b6e2ca6c9a07d963892f67,D_0__Bacteria;D_1__Firmicutes;D_2__Clostridia;D_3__Clostridiales;D_4__Lachnospiraceae;D_5__A2;D_6__uncultured bacterium,0.999615477
ce72009c0c36b5ff547b9a0c89f669ce,D_0__Bacteria;D_1__Tenericutes;D_2__Mollicutes;D_3__Mollicutes RF39,0.999999998
ce78414357068359ddae6a47b6592a08,D_0__Bacteria;D_1__Firmicutes;D_2__Clostridia;D_3__Clostridiales;D_4__Ruminococcaceae;D_5__Ruminiclostridium;D_6__uncultured bacterium,0.997731379
cfb47b9196eb1274f3473344b8f3860c,D_0__Bacteria;D_1__Firmicutes;D_2__Clostridia;D_3__Clostridiales;D_4__Lachnospiraceae,0.999983106
cfdf39cd6545fb6a7ddb747c3393c225,D_0__Bacteria;D_1__Firmicutes;D_2__Clostridia;D_3__Clostridiales;D_4__Lachnospiraceae;D_5__Lachnospiraceae NK4A136 group;D_6__uncultured bacterium,0.956863686
d040358e75e20b678a107f8ce18f4259,D_0__Bacteria;D_1__Firmicutes;D_2__Clostridia;D_3__Clostridiales;D_4__Lachnospiraceae;D_5__A2;D_6__uncultured bacterium,0.830838105
d084b32d5ad7ee012fef1f2de8889355,D_0__Bacteria;D_1__Firmicutes;D_2__Clostridia;D_3__Clostridiales;D_4__Lachnospiraceae;D_5__[Eubacterium] ventriosum group;D_6__uncultured Clostridiales bacterium,0.811475026
d3d5f57b1c8aafeca61afdb1627d2990,D_0__Bacteria;D_1__Firmicutes;D_2__Clostridia;D_3__Clostridiales;D_4__Lachnospiraceae;D_5__Roseburia,0.997806024
d6443ae1b639b169177263669b3256d9,D_0__Bacteria;D_1__Firmicutes;D_2__Clostridia;D_3__Clostridiales;D_4__Lachnospiraceae;D_5__A2;D_6__uncultured bacterium,0.983172675
d92d53b67f4b4a2516ca359494db4c24,D_0__Bacteria;D_1__Firmicutes;D_2__Clostridia;D_3__Clostridiales;D_4__Ruminococcaceae;D_5__Oscillibacter,0.997528579
d9f870f2673aa7deb1fecc0906beaada,D_0__Bacteria;D_1__Proteobacteria;D_2__Gammaproteobacteria;D_3__Enterobacteriales;D_4__Enterobacteriaceae,0.999974198
daae43be6cf06991f62a085ba8bff3b6,D_0__Bacteria;D_1__Bacteroidetes;D_2__Bacteroidia;D_3__Bacteroidales;D_4__Muribaculaceae;D_5__uncultured bacterium;D_6__uncultured bacterium,0.857946972
daf471369c8df7afa7849741660d855b,D_0__Bacteria;D_1__Firmicutes;D_2__Clostridia;D_3__Clostridiales;D_4__Lachnospiraceae;D_5__A2,0.8594747
deb6cb498b1f0a2e2098d8698813c54b,D_0__Bacteria;D_1__Firmicutes;D_2__Clostridia;D_3__Clostridiales;D_4__Lachnospiraceae;D_5__Marvinbryantia;D_6__Clostridiales bacterium CIEAF 012,0.817575398
df1e3080300aed496c300246714bd838,D_0__Bacteria;D_1__Firmicutes;D_2__Clostridia;D_3__Clostridiales;D_4__Lachnospiraceae;D_5__Lachnospiraceae UCG-001,0.999955089
e238c6f976254aa34d2106b20782549a,D_0__Bacteria;D_1__Firmicutes;D_2__Clostridia;D_3__Clostridiales;D_4__Lachnospiraceae,0.999793563
e36be349dea51383ef7c2f26dd242def,D_0__Bacteria;D_1__Firmicutes;D_2__Clostridia;D_3__Clostridiales;D_4__Clostridiales vadinBB60 group;D_5__uncultured bacterium;D_6__uncultured bacterium,0.99940119
e5ee1d85ad16f8c94333754ffe9430ff,D_0__Bacteria;D_1__Firmicutes;D_2__Clostridia;D_3__Clostridiales;D_4__Lachnospiraceae;D_5__Tyzzerella;D_6__uncultured bacterium,0.942313447
e6241ffe2fa3e3a874f232d6aafd0177,D_0__Bacteria;D_1__Tenericutes;D_2__Mollicutes;D_3__Mollicutes RF39;D_4__uncultured bacterium;D_5__uncultured bacterium;D_6__uncultured bacterium,0.762697188
e9c6d3d5afd5747c2901ce47079bde79,D_0__Bacteria;D_1__Firmicutes;D_2__Clostridia;D_3__Clostridiales;D_4__Lachnospiraceae;D_5__Roseburia;D_6__uncultured bacterium,0.935692461
ebc4cebda1feae3f47fdb85cb7ec8152,D_0__Bacteria;D_1__Firmicutes;D_2__Clostridia;D_3__Clostridiales;D_4__Ruminococcaceae;D_5__Ruminiclostridium 5;D_6__uncultured bacterium,0.956432355
ec494ccbf94de2be48f3c7e4cf844046,D_0__Bacteria;D_1__Firmicutes;D_2__Clostridia;D_3__Clostridiales;D_4__Lachnospiraceae;D_5__Lachnospiraceae UCG-001;D_6__uncultured bacterium,0.855239329
ecb3759e804e8c86d9fb0de817207fe9,D_0__Bacteria;D_1__Firmicutes;D_2__Clostridia;D_3__Clostridiales;D_4__Ruminococcaceae;D_5__uncultured,0.95173012
ee0cbf5dda05dd1c396eed829cd82b77,D_0__Bacteria;D_1__Firmicutes;D_2__Clostridia;D_3__Clostridiales;D_4__Clostridiales vadinBB60 group;D_5__uncultured bacterium;D_6__uncultured bacterium,0.998312129
ee766857ab5fc018ac26632146bc90e1,D_0__Bacteria;D_1__Firmicutes;D_2__Clostridia;D_3__Clostridiales;D_4__Ruminococcaceae;D_5__Ruminiclostridium 9;D_6__uncultured bacterium,0.759992586
ef3a40c4f26b5019887d73ceaaab84f2,D_0__Bacteria;D_1__Firmicutes;D_2__Clostridia;D_3__Clostridiales;D_4__Lachnospiraceae;D_5__Lachnospiraceae NK4A136 group,0.999383609
f09ce8241752e0e74e9f4534ac80d6c4,D_0__Bacteria;D_1__Bacteroidetes;D_2__Bacteroidia;D_3__Bacteroidales;D_4__Rikenellaceae;D_5__Alistipes;D_6__uncultured bacterium,0.99935484
f09f257605135a6049b847768387fb33,D_0__Bacteria;D_1__Firmicutes;D_2__Clostridia;D_3__Clostridiales;D_4__Lachnospiraceae,0.999990093
f0b141d26592690299c55f34b7d30adb,D_0__Bacteria;D_1__Firmicutes;D_2__Clostridia;D_3__Clostridiales;D_4__Lachnospiraceae;D_5__Roseburia;D_6__uncultured bacterium,0.982217363
f0ea1e3d7fabfb8497741de9a3402b6e,D_0__Bacteria;D_1__Firmicutes;D_2__Clostridia;D_3__Clostridiales;D_4__Lachnospiraceae,0.999988625
f1b5d72cafaaea7b61c531cb90452d9c,D_0__Bacteria;D_1__Firmicutes;D_2__Clostridia;D_3__Clostridiales;D_4__Peptococcaceae;D_5__uncultured;D_6__uncultured bacterium,0.922339762
f3e9d78daeea42d345080748e31ae3dd,D_0__Bacteria;D_1__Firmicutes;D_2__Clostridia;D_3__Clostridiales;D_4__Ruminococcaceae;D_5__Ruminiclostridium 9,0.827884914
f46fb27c910cdc08b14ef44ef5fe22ea,D_0__Bacteria;D_1__Firmicutes;D_2__Clostridia;D_3__Clostridiales;D_4__Ruminococcaceae,0.999989016
f5e65944985d39991cba3fab949a0150,D_0__Bacteria;D_1__Firmicutes;D_2__Clostridia;D_3__Clostridiales;D_4__Lachnospiraceae;D_5__ASF356;D_6__uncultured bacterium,0.957076815
f74772c312ecf2f0278c402953e04d93,D_0__Bacteria;D_1__Bacteroidetes;D_2__Bacteroidia;D_3__Bacteroidales;D_4__Muribaculaceae;D_5__uncultured bacterium;D_6__uncultured bacterium,0.965448636
f76f9398a707c47754f8308d099abd13,D_0__Bacteria;D_1__Firmicutes;D_2__Clostridia;D_3__Clostridiales;D_4__Lachnospiraceae;D_5__Lachnospiraceae UCG-001;D_6__uncultured bacterium,0.998050429
f80f737063601f7f957b2581f9d5524e,D_0__Bacteria;D_1__Tenericutes;D_2__Mollicutes;D_3__Mollicutes RF39,1
f9c752d5c510e07c457e029af2d6d31b,D_0__Bacteria;D_1__Firmicutes;D_2__Clostridia;D_3__Clostridiales;D_4__Lachnospiraceae;D_5__uncultured;D_6__uncultured bacterium,0.951753962
f9f8a1e38fcd6166305ee1a90187d5ed,D_0__Bacteria;D_1__Firmicutes;D_2__Clostridia;D_3__Clostridiales;D_4__Lachnospiraceae,0.999999701
fb3376cd5dd7b9f4c866e17253a3e5db,D_0__Bacteria;D_1__Firmicutes;D_2__Clostridia;D_3__Clostridiales;D_4__Lachnospiraceae;D_5__Lachnoclostridium,0.995393817
fcc84f75257e928f79853e39bb2c6d23,D_0__Bacteria;D_1__Firmicutes;D_2__Clostridia;D_3__Clostridiales;D_4__Lachnospiraceae;D_5__Lachnospiraceae FCS020 group;D_6__uncultured bacterium,0.719973436
fe9a3e2c5c45bec637506a2ae1eb243c,D_0__Bacteria;D_1__Firmicutes;D_2__Clostridia;D_3__Clostridiales;D_4__Clostridiales vadinBB60 group;D_5__uncultured bacterium;D_6__uncultured bacterium,0.995102982